Code,country,Continent,GovernmentForm,city,Language
CAN,Canada,"North America","Constitutional Monarchy, Federation",Abbotsford,Ukrainian
CAN,Canada,"North America","Constitutional Monarchy, Federation",Abbotsford,Spanish
CAN,Canada,"North America","Constitutional Monarchy, Federation",Abbotsford,Punjabi
CAN,Canada,"North America","Constitutional Monarchy, Federation",Abbotsford,Portuguese
CAN,Canada,"North America","Constitutional Monarchy, Federation",Abbotsford,Polish
CAN,Canada,"North America","Constitutional Monarchy, Federation",Abbotsford,Italian
CAN,Canada,"North America","Constitutional Monarchy, Federation",Abbotsford,German
CAN,Canada,"North America","Constitutional Monarchy, Federation",Abbotsford,French
CAN,Canada,"North America","Constitutional Monarchy, Federation",Abbotsford,"Eskimo Languages"
CAN,Canada,"North America","Constitutional Monarchy, Federation",Abbotsford,English
CAN,Canada,"North America","Constitutional Monarchy, Federation",Abbotsford,Chinese
CAN,Canada,"North America","Constitutional Monarchy, Federation",Abbotsford,Dutch
COL,Colombia,"South America",Republic,Armenia,Arawakan
COL,Colombia,"South America",Republic,Armenia,Caribbean
COL,Colombia,"South America",Republic,Armenia,Chibcha
COL,Colombia,"South America",Republic,Armenia,"Creole English"
COL,Colombia,"South America",Republic,Armenia,Spanish
COL,Colombia,"South America",Republic,Barrancabermeja,Arawakan
COL,Colombia,"South America",Republic,Barrancabermeja,Caribbean
COL,Colombia,"South America",Republic,Barrancabermeja,Chibcha
COL,Colombia,"South America",Republic,Barrancabermeja,"Creole English"
COL,Colombia,"South America",Republic,Barrancabermeja,Spanish
COL,Colombia,"South America",Republic,Barranquilla,Arawakan
COL,Colombia,"South America",Republic,Barranquilla,Caribbean
COL,Colombia,"South America",Republic,Barranquilla,Chibcha
COL,Colombia,"South America",Republic,Barranquilla,"Creole English"
COL,Colombia,"South America",Republic,Barranquilla,Spanish
CAN,Canada,"North America","Constitutional Monarchy, Federation",Barrie,Ukrainian
CAN,Canada,"North America","Constitutional Monarchy, Federation",Barrie,Spanish
CAN,Canada,"North America","Constitutional Monarchy, Federation",Barrie,Punjabi
CAN,Canada,"North America","Constitutional Monarchy, Federation",Barrie,Portuguese
CAN,Canada,"North America","Constitutional Monarchy, Federation",Barrie,Polish
CAN,Canada,"North America","Constitutional Monarchy, Federation",Barrie,Italian
CAN,Canada,"North America","Constitutional Monarchy, Federation",Barrie,German
CAN,Canada,"North America","Constitutional Monarchy, Federation",Barrie,French
CAN,Canada,"North America","Constitutional Monarchy, Federation",Barrie,"Eskimo Languages"
CAN,Canada,"North America","Constitutional Monarchy, Federation",Barrie,English
CAN,Canada,"North America","Constitutional Monarchy, Federation",Barrie,Dutch
CAN,Canada,"North America","Constitutional Monarchy, Federation",Barrie,Chinese
COL,Colombia,"South America",Republic,Bello,Chibcha
COL,Colombia,"South America",Republic,Bello,Spanish
COL,Colombia,"South America",Republic,Bello,"Creole English"
COL,Colombia,"South America",Republic,Bello,Caribbean
COL,Colombia,"South America",Republic,Bello,Arawakan
CAN,Canada,"North America","Constitutional Monarchy, Federation",Brampton,Punjabi
CAN,Canada,"North America","Constitutional Monarchy, Federation",Brampton,Portuguese
CAN,Canada,"North America","Constitutional Monarchy, Federation",Brampton,Polish
CAN,Canada,"North America","Constitutional Monarchy, Federation",Brampton,Italian
CAN,Canada,"North America","Constitutional Monarchy, Federation",Brampton,German
CAN,Canada,"North America","Constitutional Monarchy, Federation",Brampton,French
CAN,Canada,"North America","Constitutional Monarchy, Federation",Brampton,"Eskimo Languages"
CAN,Canada,"North America","Constitutional Monarchy, Federation",Brampton,Ukrainian
CAN,Canada,"North America","Constitutional Monarchy, Federation",Brampton,English
CAN,Canada,"North America","Constitutional Monarchy, Federation",Brampton,Dutch
CAN,Canada,"North America","Constitutional Monarchy, Federation",Brampton,Chinese
CAN,Canada,"North America","Constitutional Monarchy, Federation",Brampton,Spanish
COL,Colombia,"South America",Republic,Bucaramanga,Caribbean
COL,Colombia,"South America",Republic,Bucaramanga,Arawakan
COL,Colombia,"South America",Republic,Bucaramanga,Chibcha
COL,Colombia,"South America",Republic,Bucaramanga,"Creole English"
COL,Colombia,"South America",Republic,Bucaramanga,Spanish
COL,Colombia,"South America",Republic,Buenaventura,Arawakan
COL,Colombia,"South America",Republic,Buenaventura,Caribbean
COL,Colombia,"South America",Republic,Buenaventura,Chibcha
COL,Colombia,"South America",Republic,Buenaventura,"Creole English"
COL,Colombia,"South America",Republic,Buenaventura,Spanish
COL,Colombia,"South America",Republic,Buga,Spanish
COL,Colombia,"South America",Republic,Buga,Arawakan
COL,Colombia,"South America",Republic,Buga,Caribbean
COL,Colombia,"South America",Republic,Buga,Chibcha
COL,Colombia,"South America",Republic,Buga,"Creole English"
CAN,Canada,"North America","Constitutional Monarchy, Federation",Burlington,Dutch
CAN,Canada,"North America","Constitutional Monarchy, Federation",Burlington,Chinese
CAN,Canada,"North America","Constitutional Monarchy, Federation",Burlington,English
CAN,Canada,"North America","Constitutional Monarchy, Federation",Burlington,"Eskimo Languages"
CAN,Canada,"North America","Constitutional Monarchy, Federation",Burlington,French
CAN,Canada,"North America","Constitutional Monarchy, Federation",Burlington,German
CAN,Canada,"North America","Constitutional Monarchy, Federation",Burlington,Italian
CAN,Canada,"North America","Constitutional Monarchy, Federation",Burlington,Polish
CAN,Canada,"North America","Constitutional Monarchy, Federation",Burlington,Portuguese
CAN,Canada,"North America","Constitutional Monarchy, Federation",Burlington,Punjabi
CAN,Canada,"North America","Constitutional Monarchy, Federation",Burlington,Spanish
CAN,Canada,"North America","Constitutional Monarchy, Federation",Burlington,Ukrainian
CAN,Canada,"North America","Constitutional Monarchy, Federation",Burnaby,Portuguese
CAN,Canada,"North America","Constitutional Monarchy, Federation",Burnaby,Chinese
CAN,Canada,"North America","Constitutional Monarchy, Federation",Burnaby,Dutch
CAN,Canada,"North America","Constitutional Monarchy, Federation",Burnaby,English
CAN,Canada,"North America","Constitutional Monarchy, Federation",Burnaby,"Eskimo Languages"
CAN,Canada,"North America","Constitutional Monarchy, Federation",Burnaby,French
CAN,Canada,"North America","Constitutional Monarchy, Federation",Burnaby,German
CAN,Canada,"North America","Constitutional Monarchy, Federation",Burnaby,Italian
CAN,Canada,"North America","Constitutional Monarchy, Federation",Burnaby,Polish
CAN,Canada,"North America","Constitutional Monarchy, Federation",Burnaby,Punjabi
CAN,Canada,"North America","Constitutional Monarchy, Federation",Burnaby,Spanish
CAN,Canada,"North America","Constitutional Monarchy, Federation",Burnaby,Ukrainian
CAN,Canada,"North America","Constitutional Monarchy, Federation",Calgary,Polish
CAN,Canada,"North America","Constitutional Monarchy, Federation",Calgary,Chinese
CAN,Canada,"North America","Constitutional Monarchy, Federation",Calgary,Dutch
CAN,Canada,"North America","Constitutional Monarchy, Federation",Calgary,English
CAN,Canada,"North America","Constitutional Monarchy, Federation",Calgary,"Eskimo Languages"
CAN,Canada,"North America","Constitutional Monarchy, Federation",Calgary,Ukrainian
CAN,Canada,"North America","Constitutional Monarchy, Federation",Calgary,Spanish
CAN,Canada,"North America","Constitutional Monarchy, Federation",Calgary,Punjabi
CAN,Canada,"North America","Constitutional Monarchy, Federation",Calgary,Portuguese
CAN,Canada,"North America","Constitutional Monarchy, Federation",Calgary,French
CAN,Canada,"North America","Constitutional Monarchy, Federation",Calgary,Italian
CAN,Canada,"North America","Constitutional Monarchy, Federation",Calgary,German
COL,Colombia,"South America",Republic,Cali,Caribbean
COL,Colombia,"South America",Republic,Cali,Arawakan
COL,Colombia,"South America",Republic,Cali,Spanish
COL,Colombia,"South America",Republic,Cali,Chibcha
COL,Colombia,"South America",Republic,Cali,"Creole English"
CAN,Canada,"North America","Constitutional Monarchy, Federation",Cambridge,Ukrainian
CAN,Canada,"North America","Constitutional Monarchy, Federation",Cambridge,Spanish
CAN,Canada,"North America","Constitutional Monarchy, Federation",Cambridge,Punjabi
CAN,Canada,"North America","Constitutional Monarchy, Federation",Cambridge,Portuguese
CAN,Canada,"North America","Constitutional Monarchy, Federation",Cambridge,Polish
CAN,Canada,"North America","Constitutional Monarchy, Federation",Cambridge,Italian
CAN,Canada,"North America","Constitutional Monarchy, Federation",Cambridge,German
CAN,Canada,"North America","Constitutional Monarchy, Federation",Cambridge,French
CAN,Canada,"North America","Constitutional Monarchy, Federation",Cambridge,"Eskimo Languages"
CAN,Canada,"North America","Constitutional Monarchy, Federation",Cambridge,English
CAN,Canada,"North America","Constitutional Monarchy, Federation",Cambridge,Dutch
CAN,Canada,"North America","Constitutional Monarchy, Federation",Cambridge,Chinese
CAN,Canada,"North America","Constitutional Monarchy, Federation","Cape Breton",Italian
CAN,Canada,"North America","Constitutional Monarchy, Federation","Cape Breton",German
CAN,Canada,"North America","Constitutional Monarchy, Federation","Cape Breton",French
CAN,Canada,"North America","Constitutional Monarchy, Federation","Cape Breton","Eskimo Languages"
CAN,Canada,"North America","Constitutional Monarchy, Federation","Cape Breton",English
CAN,Canada,"North America","Constitutional Monarchy, Federation","Cape Breton",Dutch
CAN,Canada,"North America","Constitutional Monarchy, Federation","Cape Breton",Chinese
CAN,Canada,"North America","Constitutional Monarchy, Federation","Cape Breton",Ukrainian
CAN,Canada,"North America","Constitutional Monarchy, Federation","Cape Breton",Spanish
CAN,Canada,"North America","Constitutional Monarchy, Federation","Cape Breton",Punjabi
CAN,Canada,"North America","Constitutional Monarchy, Federation","Cape Breton",Portuguese
CAN,Canada,"North America","Constitutional Monarchy, Federation","Cape Breton",Polish
COL,Colombia,"South America",Republic,Cartagena,Spanish
COL,Colombia,"South America",Republic,Cartagena,"Creole English"
COL,Colombia,"South America",Republic,Cartagena,Chibcha
COL,Colombia,"South America",Republic,Cartagena,Caribbean
COL,Colombia,"South America",Republic,Cartagena,Arawakan
COL,Colombia,"South America",Republic,Cartago,Spanish
COL,Colombia,"South America",Republic,Cartago,"Creole English"
COL,Colombia,"South America",Republic,Cartago,Chibcha
COL,Colombia,"South America",Republic,Cartago,Caribbean
COL,Colombia,"South America",Republic,Cartago,Arawakan
CAN,Canada,"North America","Constitutional Monarchy, Federation",Coquitlam,Spanish
CAN,Canada,"North America","Constitutional Monarchy, Federation",Coquitlam,Ukrainian
CAN,Canada,"North America","Constitutional Monarchy, Federation",Coquitlam,Portuguese
CAN,Canada,"North America","Constitutional Monarchy, Federation",Coquitlam,Polish
CAN,Canada,"North America","Constitutional Monarchy, Federation",Coquitlam,Italian
CAN,Canada,"North America","Constitutional Monarchy, Federation",Coquitlam,German
CAN,Canada,"North America","Constitutional Monarchy, Federation",Coquitlam,French
CAN,Canada,"North America","Constitutional Monarchy, Federation",Coquitlam,"Eskimo Languages"
CAN,Canada,"North America","Constitutional Monarchy, Federation",Coquitlam,English
CAN,Canada,"North America","Constitutional Monarchy, Federation",Coquitlam,Dutch
CAN,Canada,"North America","Constitutional Monarchy, Federation",Coquitlam,Chinese
CAN,Canada,"North America","Constitutional Monarchy, Federation",Coquitlam,Punjabi
COL,Colombia,"South America",Republic,Cúcuta,Arawakan
COL,Colombia,"South America",Republic,Cúcuta,"Creole English"
COL,Colombia,"South America",Republic,Cúcuta,Caribbean
COL,Colombia,"South America",Republic,Cúcuta,Chibcha
COL,Colombia,"South America",Republic,Cúcuta,Spanish
CAN,Canada,"North America","Constitutional Monarchy, Federation",Delta,Chinese
CAN,Canada,"North America","Constitutional Monarchy, Federation",Delta,Ukrainian
CAN,Canada,"North America","Constitutional Monarchy, Federation",Delta,Spanish
CAN,Canada,"North America","Constitutional Monarchy, Federation",Delta,Punjabi
CAN,Canada,"North America","Constitutional Monarchy, Federation",Delta,Portuguese
CAN,Canada,"North America","Constitutional Monarchy, Federation",Delta,Polish
CAN,Canada,"North America","Constitutional Monarchy, Federation",Delta,Italian
CAN,Canada,"North America","Constitutional Monarchy, Federation",Delta,German
CAN,Canada,"North America","Constitutional Monarchy, Federation",Delta,French
CAN,Canada,"North America","Constitutional Monarchy, Federation",Delta,"Eskimo Languages"
CAN,Canada,"North America","Constitutional Monarchy, Federation",Delta,English
CAN,Canada,"North America","Constitutional Monarchy, Federation",Delta,Dutch
COL,Colombia,"South America",Republic,"Dos Quebradas","Creole English"
COL,Colombia,"South America",Republic,"Dos Quebradas",Chibcha
COL,Colombia,"South America",Republic,"Dos Quebradas",Caribbean
COL,Colombia,"South America",Republic,"Dos Quebradas",Arawakan
COL,Colombia,"South America",Republic,"Dos Quebradas",Spanish
CAN,Canada,"North America","Constitutional Monarchy, Federation","East York",Ukrainian
CAN,Canada,"North America","Constitutional Monarchy, Federation","East York",Chinese
CAN,Canada,"North America","Constitutional Monarchy, Federation","East York",Dutch
CAN,Canada,"North America","Constitutional Monarchy, Federation","East York",English
CAN,Canada,"North America","Constitutional Monarchy, Federation","East York",Punjabi
CAN,Canada,"North America","Constitutional Monarchy, Federation","East York",Spanish
CAN,Canada,"North America","Constitutional Monarchy, Federation","East York",Portuguese
CAN,Canada,"North America","Constitutional Monarchy, Federation","East York",Polish
CAN,Canada,"North America","Constitutional Monarchy, Federation","East York",German
CAN,Canada,"North America","Constitutional Monarchy, Federation","East York",French
CAN,Canada,"North America","Constitutional Monarchy, Federation","East York","Eskimo Languages"
CAN,Canada,"North America","Constitutional Monarchy, Federation","East York",Italian
CAN,Canada,"North America","Constitutional Monarchy, Federation",Edmonton,German
CAN,Canada,"North America","Constitutional Monarchy, Federation",Edmonton,Ukrainian
CAN,Canada,"North America","Constitutional Monarchy, Federation",Edmonton,English
CAN,Canada,"North America","Constitutional Monarchy, Federation",Edmonton,Spanish
CAN,Canada,"North America","Constitutional Monarchy, Federation",Edmonton,Italian
CAN,Canada,"North America","Constitutional Monarchy, Federation",Edmonton,Polish
CAN,Canada,"North America","Constitutional Monarchy, Federation",Edmonton,Dutch
CAN,Canada,"North America","Constitutional Monarchy, Federation",Edmonton,Chinese
CAN,Canada,"North America","Constitutional Monarchy, Federation",Edmonton,Punjabi
CAN,Canada,"North America","Constitutional Monarchy, Federation",Edmonton,Portuguese
CAN,Canada,"North America","Constitutional Monarchy, Federation",Edmonton,"Eskimo Languages"
CAN,Canada,"North America","Constitutional Monarchy, Federation",Edmonton,French
COL,Colombia,"South America",Republic,Envigado,Arawakan
COL,Colombia,"South America",Republic,Envigado,Spanish
COL,Colombia,"South America",Republic,Envigado,Caribbean
COL,Colombia,"South America",Republic,Envigado,Chibcha
COL,Colombia,"South America",Republic,Envigado,"Creole English"
CAN,Canada,"North America","Constitutional Monarchy, Federation",Etobicoke,French
CAN,Canada,"North America","Constitutional Monarchy, Federation",Etobicoke,Italian
CAN,Canada,"North America","Constitutional Monarchy, Federation",Etobicoke,Polish
CAN,Canada,"North America","Constitutional Monarchy, Federation",Etobicoke,Portuguese
CAN,Canada,"North America","Constitutional Monarchy, Federation",Etobicoke,German
CAN,Canada,"North America","Constitutional Monarchy, Federation",Etobicoke,Punjabi
CAN,Canada,"North America","Constitutional Monarchy, Federation",Etobicoke,Spanish
CAN,Canada,"North America","Constitutional Monarchy, Federation",Etobicoke,Ukrainian
CAN,Canada,"North America","Constitutional Monarchy, Federation",Etobicoke,"Eskimo Languages"
CAN,Canada,"North America","Constitutional Monarchy, Federation",Etobicoke,English
CAN,Canada,"North America","Constitutional Monarchy, Federation",Etobicoke,Dutch
CAN,Canada,"North America","Constitutional Monarchy, Federation",Etobicoke,Chinese
COL,Colombia,"South America",Republic,Florencia,Spanish
COL,Colombia,"South America",Republic,Florencia,Chibcha
COL,Colombia,"South America",Republic,Florencia,Caribbean
COL,Colombia,"South America",Republic,Florencia,Arawakan
COL,Colombia,"South America",Republic,Florencia,"Creole English"
COL,Colombia,"South America",Republic,Floridablanca,Arawakan
COL,Colombia,"South America",Republic,Floridablanca,Caribbean
COL,Colombia,"South America",Republic,Floridablanca,"Creole English"
COL,Colombia,"South America",Republic,Floridablanca,Spanish
COL,Colombia,"South America",Republic,Floridablanca,Chibcha
CAN,Canada,"North America","Constitutional Monarchy, Federation",Gatineau,Spanish
CAN,Canada,"North America","Constitutional Monarchy, Federation",Gatineau,Ukrainian
CAN,Canada,"North America","Constitutional Monarchy, Federation",Gatineau,Punjabi
CAN,Canada,"North America","Constitutional Monarchy, Federation",Gatineau,Portuguese
CAN,Canada,"North America","Constitutional Monarchy, Federation",Gatineau,Polish
CAN,Canada,"North America","Constitutional Monarchy, Federation",Gatineau,Italian
CAN,Canada,"North America","Constitutional Monarchy, Federation",Gatineau,German
CAN,Canada,"North America","Constitutional Monarchy, Federation",Gatineau,French
CAN,Canada,"North America","Constitutional Monarchy, Federation",Gatineau,"Eskimo Languages"
CAN,Canada,"North America","Constitutional Monarchy, Federation",Gatineau,English
CAN,Canada,"North America","Constitutional Monarchy, Federation",Gatineau,Dutch
CAN,Canada,"North America","Constitutional Monarchy, Federation",Gatineau,Chinese
COL,Colombia,"South America",Republic,Girardot,Arawakan
COL,Colombia,"South America",Republic,Girardot,Chibcha
COL,Colombia,"South America",Republic,Girardot,"Creole English"
COL,Colombia,"South America",Republic,Girardot,Spanish
COL,Colombia,"South America",Republic,Girardot,Caribbean
COL,Colombia,"South America",Republic,Giron,Arawakan
COL,Colombia,"South America",Republic,Giron,Caribbean
COL,Colombia,"South America",Republic,Giron,Chibcha
COL,Colombia,"South America",Republic,Giron,"Creole English"
COL,Colombia,"South America",Republic,Giron,Spanish
CAN,Canada,"North America","Constitutional Monarchy, Federation",Gloucester,French
CAN,Canada,"North America","Constitutional Monarchy, Federation",Gloucester,Chinese
CAN,Canada,"North America","Constitutional Monarchy, Federation",Gloucester,Dutch
CAN,Canada,"North America","Constitutional Monarchy, Federation",Gloucester,English
CAN,Canada,"North America","Constitutional Monarchy, Federation",Gloucester,"Eskimo Languages"
CAN,Canada,"North America","Constitutional Monarchy, Federation",Gloucester,German
CAN,Canada,"North America","Constitutional Monarchy, Federation",Gloucester,Italian
CAN,Canada,"North America","Constitutional Monarchy, Federation",Gloucester,Ukrainian
CAN,Canada,"North America","Constitutional Monarchy, Federation",Gloucester,Spanish
CAN,Canada,"North America","Constitutional Monarchy, Federation",Gloucester,Punjabi
CAN,Canada,"North America","Constitutional Monarchy, Federation",Gloucester,Portuguese
CAN,Canada,"North America","Constitutional Monarchy, Federation",Gloucester,Polish
CAN,Canada,"North America","Constitutional Monarchy, Federation",Guelph,Chinese
CAN,Canada,"North America","Constitutional Monarchy, Federation",Guelph,Dutch
CAN,Canada,"North America","Constitutional Monarchy, Federation",Guelph,Italian
CAN,Canada,"North America","Constitutional Monarchy, Federation",Guelph,English
CAN,Canada,"North America","Constitutional Monarchy, Federation",Guelph,"Eskimo Languages"
CAN,Canada,"North America","Constitutional Monarchy, Federation",Guelph,Polish
CAN,Canada,"North America","Constitutional Monarchy, Federation",Guelph,French
CAN,Canada,"North America","Constitutional Monarchy, Federation",Guelph,German
CAN,Canada,"North America","Constitutional Monarchy, Federation",Guelph,Punjabi
CAN,Canada,"North America","Constitutional Monarchy, Federation",Guelph,Spanish
CAN,Canada,"North America","Constitutional Monarchy, Federation",Guelph,Ukrainian
CAN,Canada,"North America","Constitutional Monarchy, Federation",Guelph,Portuguese
CAN,Canada,"North America","Constitutional Monarchy, Federation",Halifax,English
CAN,Canada,"North America","Constitutional Monarchy, Federation",Halifax,Polish
CAN,Canada,"North America","Constitutional Monarchy, Federation",Halifax,Ukrainian
CAN,Canada,"North America","Constitutional Monarchy, Federation",Halifax,Spanish
CAN,Canada,"North America","Constitutional Monarchy, Federation",Halifax,Portuguese
CAN,Canada,"North America","Constitutional Monarchy, Federation",Halifax,Punjabi
CAN,Canada,"North America","Constitutional Monarchy, Federation",Halifax,Italian
CAN,Canada,"North America","Constitutional Monarchy, Federation",Halifax,German
CAN,Canada,"North America","Constitutional Monarchy, Federation",Halifax,French
CAN,Canada,"North America","Constitutional Monarchy, Federation",Halifax,"Eskimo Languages"
CAN,Canada,"North America","Constitutional Monarchy, Federation",Halifax,Dutch
CAN,Canada,"North America","Constitutional Monarchy, Federation",Halifax,Chinese
CAN,Canada,"North America","Constitutional Monarchy, Federation",Hamilton,Chinese
CAN,Canada,"North America","Constitutional Monarchy, Federation",Hamilton,Dutch
CAN,Canada,"North America","Constitutional Monarchy, Federation",Hamilton,English
CAN,Canada,"North America","Constitutional Monarchy, Federation",Hamilton,"Eskimo Languages"
CAN,Canada,"North America","Constitutional Monarchy, Federation",Hamilton,French
CAN,Canada,"North America","Constitutional Monarchy, Federation",Hamilton,German
CAN,Canada,"North America","Constitutional Monarchy, Federation",Hamilton,Ukrainian
CAN,Canada,"North America","Constitutional Monarchy, Federation",Hamilton,Spanish
CAN,Canada,"North America","Constitutional Monarchy, Federation",Hamilton,Punjabi
CAN,Canada,"North America","Constitutional Monarchy, Federation",Hamilton,Portuguese
CAN,Canada,"North America","Constitutional Monarchy, Federation",Hamilton,Polish
CAN,Canada,"North America","Constitutional Monarchy, Federation",Hamilton,Italian
COL,Colombia,"South America",Republic,Ibagué,Spanish
COL,Colombia,"South America",Republic,Ibagué,"Creole English"
COL,Colombia,"South America",Republic,Ibagué,Chibcha
COL,Colombia,"South America",Republic,Ibagué,Caribbean
COL,Colombia,"South America",Republic,Ibagué,Arawakan
COL,Colombia,"South America",Republic,Itagüí,"Creole English"
COL,Colombia,"South America",Republic,Itagüí,Arawakan
COL,Colombia,"South America",Republic,Itagüí,Caribbean
COL,Colombia,"South America",Republic,Itagüí,Spanish
COL,Colombia,"South America",Republic,Itagüí,Chibcha
CAN,Canada,"North America","Constitutional Monarchy, Federation",Kelowna,Chinese
CAN,Canada,"North America","Constitutional Monarchy, Federation",Kelowna,Dutch
CAN,Canada,"North America","Constitutional Monarchy, Federation",Kelowna,English
CAN,Canada,"North America","Constitutional Monarchy, Federation",Kelowna,"Eskimo Languages"
CAN,Canada,"North America","Constitutional Monarchy, Federation",Kelowna,French
CAN,Canada,"North America","Constitutional Monarchy, Federation",Kelowna,German
CAN,Canada,"North America","Constitutional Monarchy, Federation",Kelowna,Italian
CAN,Canada,"North America","Constitutional Monarchy, Federation",Kelowna,Polish
CAN,Canada,"North America","Constitutional Monarchy, Federation",Kelowna,Portuguese
CAN,Canada,"North America","Constitutional Monarchy, Federation",Kelowna,Punjabi
CAN,Canada,"North America","Constitutional Monarchy, Federation",Kelowna,Spanish
CAN,Canada,"North America","Constitutional Monarchy, Federation",Kelowna,Ukrainian
CAN,Canada,"North America","Constitutional Monarchy, Federation",Kitchener,Italian
CAN,Canada,"North America","Constitutional Monarchy, Federation",Kitchener,Chinese
CAN,Canada,"North America","Constitutional Monarchy, Federation",Kitchener,Dutch
CAN,Canada,"North America","Constitutional Monarchy, Federation",Kitchener,English
CAN,Canada,"North America","Constitutional Monarchy, Federation",Kitchener,"Eskimo Languages"
CAN,Canada,"North America","Constitutional Monarchy, Federation",Kitchener,French
CAN,Canada,"North America","Constitutional Monarchy, Federation",Kitchener,German
CAN,Canada,"North America","Constitutional Monarchy, Federation",Kitchener,Ukrainian
CAN,Canada,"North America","Constitutional Monarchy, Federation",Kitchener,Spanish
CAN,Canada,"North America","Constitutional Monarchy, Federation",Kitchener,Punjabi
CAN,Canada,"North America","Constitutional Monarchy, Federation",Kitchener,Portuguese
CAN,Canada,"North America","Constitutional Monarchy, Federation",Kitchener,Polish
CAN,Canada,"North America","Constitutional Monarchy, Federation",Laval,Dutch
CAN,Canada,"North America","Constitutional Monarchy, Federation",Laval,English
CAN,Canada,"North America","Constitutional Monarchy, Federation",Laval,"Eskimo Languages"
CAN,Canada,"North America","Constitutional Monarchy, Federation",Laval,French
CAN,Canada,"North America","Constitutional Monarchy, Federation",Laval,German
CAN,Canada,"North America","Constitutional Monarchy, Federation",Laval,Chinese
CAN,Canada,"North America","Constitutional Monarchy, Federation",Laval,Polish
CAN,Canada,"North America","Constitutional Monarchy, Federation",Laval,Portuguese
CAN,Canada,"North America","Constitutional Monarchy, Federation",Laval,Punjabi
CAN,Canada,"North America","Constitutional Monarchy, Federation",Laval,Spanish
CAN,Canada,"North America","Constitutional Monarchy, Federation",Laval,Ukrainian
CAN,Canada,"North America","Constitutional Monarchy, Federation",Laval,Italian
CAN,Canada,"North America","Constitutional Monarchy, Federation",London,German
CAN,Canada,"North America","Constitutional Monarchy, Federation",London,Chinese
CAN,Canada,"North America","Constitutional Monarchy, Federation",London,Italian
CAN,Canada,"North America","Constitutional Monarchy, Federation",London,Polish
CAN,Canada,"North America","Constitutional Monarchy, Federation",London,Portuguese
CAN,Canada,"North America","Constitutional Monarchy, Federation",London,Punjabi
CAN,Canada,"North America","Constitutional Monarchy, Federation",London,Spanish
CAN,Canada,"North America","Constitutional Monarchy, Federation",London,Ukrainian
CAN,Canada,"North America","Constitutional Monarchy, Federation",London,"Eskimo Languages"
CAN,Canada,"North America","Constitutional Monarchy, Federation",London,English
CAN,Canada,"North America","Constitutional Monarchy, Federation",London,Dutch
CAN,Canada,"North America","Constitutional Monarchy, Federation",London,French
CAN,Canada,"North America","Constitutional Monarchy, Federation",Longueuil,"Eskimo Languages"
CAN,Canada,"North America","Constitutional Monarchy, Federation",Longueuil,Chinese
CAN,Canada,"North America","Constitutional Monarchy, Federation",Longueuil,Dutch
CAN,Canada,"North America","Constitutional Monarchy, Federation",Longueuil,English
CAN,Canada,"North America","Constitutional Monarchy, Federation",Longueuil,German
CAN,Canada,"North America","Constitutional Monarchy, Federation",Longueuil,Italian
CAN,Canada,"North America","Constitutional Monarchy, Federation",Longueuil,Polish
CAN,Canada,"North America","Constitutional Monarchy, Federation",Longueuil,Portuguese
CAN,Canada,"North America","Constitutional Monarchy, Federation",Longueuil,Punjabi
CAN,Canada,"North America","Constitutional Monarchy, Federation",Longueuil,Spanish
CAN,Canada,"North America","Constitutional Monarchy, Federation",Longueuil,Ukrainian
CAN,Canada,"North America","Constitutional Monarchy, Federation",Longueuil,French
COL,Colombia,"South America",Republic,Maicao,Caribbean
COL,Colombia,"South America",Republic,Maicao,Chibcha
COL,Colombia,"South America",Republic,Maicao,"Creole English"
COL,Colombia,"South America",Republic,Maicao,Spanish
COL,Colombia,"South America",Republic,Maicao,Arawakan
COL,Colombia,"South America",Republic,Manizales,Spanish
COL,Colombia,"South America",Republic,Manizales,"Creole English"
COL,Colombia,"South America",Republic,Manizales,Chibcha
COL,Colombia,"South America",Republic,Manizales,Caribbean
COL,Colombia,"South America",Republic,Manizales,Arawakan
CAN,Canada,"North America","Constitutional Monarchy, Federation",Markham,Dutch
CAN,Canada,"North America","Constitutional Monarchy, Federation",Markham,English
CAN,Canada,"North America","Constitutional Monarchy, Federation",Markham,"Eskimo Languages"
CAN,Canada,"North America","Constitutional Monarchy, Federation",Markham,French
CAN,Canada,"North America","Constitutional Monarchy, Federation",Markham,German
CAN,Canada,"North America","Constitutional Monarchy, Federation",Markham,Italian
CAN,Canada,"North America","Constitutional Monarchy, Federation",Markham,Polish
CAN,Canada,"North America","Constitutional Monarchy, Federation",Markham,Portuguese
CAN,Canada,"North America","Constitutional Monarchy, Federation",Markham,Punjabi
CAN,Canada,"North America","Constitutional Monarchy, Federation",Markham,Spanish
CAN,Canada,"North America","Constitutional Monarchy, Federation",Markham,Ukrainian
CAN,Canada,"North America","Constitutional Monarchy, Federation",Markham,Chinese
COL,Colombia,"South America",Republic,Medellín,Spanish
COL,Colombia,"South America",Republic,Medellín,"Creole English"
COL,Colombia,"South America",Republic,Medellín,Arawakan
COL,Colombia,"South America",Republic,Medellín,Caribbean
COL,Colombia,"South America",Republic,Medellín,Chibcha
CAN,Canada,"North America","Constitutional Monarchy, Federation",Mississauga,Dutch
CAN,Canada,"North America","Constitutional Monarchy, Federation",Mississauga,Chinese
CAN,Canada,"North America","Constitutional Monarchy, Federation",Mississauga,English
CAN,Canada,"North America","Constitutional Monarchy, Federation",Mississauga,"Eskimo Languages"
CAN,Canada,"North America","Constitutional Monarchy, Federation",Mississauga,French
CAN,Canada,"North America","Constitutional Monarchy, Federation",Mississauga,Ukrainian
CAN,Canada,"North America","Constitutional Monarchy, Federation",Mississauga,German
CAN,Canada,"North America","Constitutional Monarchy, Federation",Mississauga,Spanish
CAN,Canada,"North America","Constitutional Monarchy, Federation",Mississauga,Punjabi
CAN,Canada,"North America","Constitutional Monarchy, Federation",Mississauga,Portuguese
CAN,Canada,"North America","Constitutional Monarchy, Federation",Mississauga,Polish
CAN,Canada,"North America","Constitutional Monarchy, Federation",Mississauga,Italian
COL,Colombia,"South America",Republic,Montería,Arawakan
COL,Colombia,"South America",Republic,Montería,Caribbean
COL,Colombia,"South America",Republic,Montería,Chibcha
COL,Colombia,"South America",Republic,Montería,"Creole English"
COL,Colombia,"South America",Republic,Montería,Spanish
CAN,Canada,"North America","Constitutional Monarchy, Federation",Montréal,Chinese
CAN,Canada,"North America","Constitutional Monarchy, Federation",Montréal,Dutch
CAN,Canada,"North America","Constitutional Monarchy, Federation",Montréal,English
CAN,Canada,"North America","Constitutional Monarchy, Federation",Montréal,"Eskimo Languages"
CAN,Canada,"North America","Constitutional Monarchy, Federation",Montréal,French
CAN,Canada,"North America","Constitutional Monarchy, Federation",Montréal,German
CAN,Canada,"North America","Constitutional Monarchy, Federation",Montréal,Italian
CAN,Canada,"North America","Constitutional Monarchy, Federation",Montréal,Polish
CAN,Canada,"North America","Constitutional Monarchy, Federation",Montréal,Portuguese
CAN,Canada,"North America","Constitutional Monarchy, Federation",Montréal,Punjabi
CAN,Canada,"North America","Constitutional Monarchy, Federation",Montréal,Spanish
CAN,Canada,"North America","Constitutional Monarchy, Federation",Montréal,Ukrainian
COL,Colombia,"South America",Republic,Neiva,Arawakan
COL,Colombia,"South America",Republic,Neiva,Caribbean
COL,Colombia,"South America",Republic,Neiva,Chibcha
COL,Colombia,"South America",Republic,Neiva,"Creole English"
COL,Colombia,"South America",Republic,Neiva,Spanish
CAN,Canada,"North America","Constitutional Monarchy, Federation",Nepean,Spanish
CAN,Canada,"North America","Constitutional Monarchy, Federation",Nepean,Punjabi
CAN,Canada,"North America","Constitutional Monarchy, Federation",Nepean,Portuguese
CAN,Canada,"North America","Constitutional Monarchy, Federation",Nepean,Polish
CAN,Canada,"North America","Constitutional Monarchy, Federation",Nepean,Italian
CAN,Canada,"North America","Constitutional Monarchy, Federation",Nepean,German
CAN,Canada,"North America","Constitutional Monarchy, Federation",Nepean,French
CAN,Canada,"North America","Constitutional Monarchy, Federation",Nepean,"Eskimo Languages"
CAN,Canada,"North America","Constitutional Monarchy, Federation",Nepean,English
CAN,Canada,"North America","Constitutional Monarchy, Federation",Nepean,Dutch
CAN,Canada,"North America","Constitutional Monarchy, Federation",Nepean,Chinese
CAN,Canada,"North America","Constitutional Monarchy, Federation",Nepean,Ukrainian
CAN,Canada,"North America","Constitutional Monarchy, Federation","North York",Ukrainian
CAN,Canada,"North America","Constitutional Monarchy, Federation","North York",Spanish
CAN,Canada,"North America","Constitutional Monarchy, Federation","North York",Punjabi
CAN,Canada,"North America","Constitutional Monarchy, Federation","North York",Portuguese
CAN,Canada,"North America","Constitutional Monarchy, Federation","North York",Polish
CAN,Canada,"North America","Constitutional Monarchy, Federation","North York",Italian
CAN,Canada,"North America","Constitutional Monarchy, Federation","North York",German
CAN,Canada,"North America","Constitutional Monarchy, Federation","North York",French
CAN,Canada,"North America","Constitutional Monarchy, Federation","North York","Eskimo Languages"
CAN,Canada,"North America","Constitutional Monarchy, Federation","North York",English
CAN,Canada,"North America","Constitutional Monarchy, Federation","North York",Dutch
CAN,Canada,"North America","Constitutional Monarchy, Federation","North York",Chinese
CAN,Canada,"North America","Constitutional Monarchy, Federation",Oakville,Ukrainian
CAN,Canada,"North America","Constitutional Monarchy, Federation",Oakville,Spanish
CAN,Canada,"North America","Constitutional Monarchy, Federation",Oakville,Punjabi
CAN,Canada,"North America","Constitutional Monarchy, Federation",Oakville,Portuguese
CAN,Canada,"North America","Constitutional Monarchy, Federation",Oakville,Polish
CAN,Canada,"North America","Constitutional Monarchy, Federation",Oakville,Italian
CAN,Canada,"North America","Constitutional Monarchy, Federation",Oakville,German
CAN,Canada,"North America","Constitutional Monarchy, Federation",Oakville,French
CAN,Canada,"North America","Constitutional Monarchy, Federation",Oakville,"Eskimo Languages"
CAN,Canada,"North America","Constitutional Monarchy, Federation",Oakville,English
CAN,Canada,"North America","Constitutional Monarchy, Federation",Oakville,Dutch
CAN,Canada,"North America","Constitutional Monarchy, Federation",Oakville,Chinese
CAN,Canada,"North America","Constitutional Monarchy, Federation",Oshawa,Chinese
CAN,Canada,"North America","Constitutional Monarchy, Federation",Oshawa,Dutch
CAN,Canada,"North America","Constitutional Monarchy, Federation",Oshawa,English
CAN,Canada,"North America","Constitutional Monarchy, Federation",Oshawa,"Eskimo Languages"
CAN,Canada,"North America","Constitutional Monarchy, Federation",Oshawa,French
CAN,Canada,"North America","Constitutional Monarchy, Federation",Oshawa,German
CAN,Canada,"North America","Constitutional Monarchy, Federation",Oshawa,Italian
CAN,Canada,"North America","Constitutional Monarchy, Federation",Oshawa,Ukrainian
CAN,Canada,"North America","Constitutional Monarchy, Federation",Oshawa,Spanish
CAN,Canada,"North America","Constitutional Monarchy, Federation",Oshawa,Punjabi
CAN,Canada,"North America","Constitutional Monarchy, Federation",Oshawa,Portuguese
CAN,Canada,"North America","Constitutional Monarchy, Federation",Oshawa,Polish
CAN,Canada,"North America","Constitutional Monarchy, Federation",Ottawa,Ukrainian
CAN,Canada,"North America","Constitutional Monarchy, Federation",Ottawa,Spanish
CAN,Canada,"North America","Constitutional Monarchy, Federation",Ottawa,Punjabi
CAN,Canada,"North America","Constitutional Monarchy, Federation",Ottawa,Portuguese
CAN,Canada,"North America","Constitutional Monarchy, Federation",Ottawa,Polish
CAN,Canada,"North America","Constitutional Monarchy, Federation",Ottawa,Italian
CAN,Canada,"North America","Constitutional Monarchy, Federation",Ottawa,German
CAN,Canada,"North America","Constitutional Monarchy, Federation",Ottawa,French
CAN,Canada,"North America","Constitutional Monarchy, Federation",Ottawa,Chinese
CAN,Canada,"North America","Constitutional Monarchy, Federation",Ottawa,Dutch
CAN,Canada,"North America","Constitutional Monarchy, Federation",Ottawa,English
CAN,Canada,"North America","Constitutional Monarchy, Federation",Ottawa,"Eskimo Languages"
COL,Colombia,"South America",Republic,Palmira,Caribbean
COL,Colombia,"South America",Republic,Palmira,Spanish
COL,Colombia,"South America",Republic,Palmira,"Creole English"
COL,Colombia,"South America",Republic,Palmira,Chibcha
COL,Colombia,"South America",Republic,Palmira,Arawakan
COL,Colombia,"South America",Republic,Pasto,Spanish
COL,Colombia,"South America",Republic,Pasto,"Creole English"
COL,Colombia,"South America",Republic,Pasto,Chibcha
COL,Colombia,"South America",Republic,Pasto,Caribbean
COL,Colombia,"South America",Republic,Pasto,Arawakan
COL,Colombia,"South America",Republic,Pereira,Arawakan
COL,Colombia,"South America",Republic,Pereira,Caribbean
COL,Colombia,"South America",Republic,Pereira,Chibcha
COL,Colombia,"South America",Republic,Pereira,"Creole English"
COL,Colombia,"South America",Republic,Pereira,Spanish
COL,Colombia,"South America",Republic,Popayán,Spanish
COL,Colombia,"South America",Republic,Popayán,Arawakan
COL,Colombia,"South America",Republic,Popayán,Caribbean
COL,Colombia,"South America",Republic,Popayán,Chibcha
COL,Colombia,"South America",Republic,Popayán,"Creole English"
CAN,Canada,"North America","Constitutional Monarchy, Federation",Québec,Dutch
CAN,Canada,"North America","Constitutional Monarchy, Federation",Québec,"Eskimo Languages"
CAN,Canada,"North America","Constitutional Monarchy, Federation",Québec,French
CAN,Canada,"North America","Constitutional Monarchy, Federation",Québec,German
CAN,Canada,"North America","Constitutional Monarchy, Federation",Québec,Italian
CAN,Canada,"North America","Constitutional Monarchy, Federation",Québec,Chinese
CAN,Canada,"North America","Constitutional Monarchy, Federation",Québec,Polish
CAN,Canada,"North America","Constitutional Monarchy, Federation",Québec,Portuguese
CAN,Canada,"North America","Constitutional Monarchy, Federation",Québec,Punjabi
CAN,Canada,"North America","Constitutional Monarchy, Federation",Québec,Spanish
CAN,Canada,"North America","Constitutional Monarchy, Federation",Québec,Ukrainian
CAN,Canada,"North America","Constitutional Monarchy, Federation",Québec,English
CAN,Canada,"North America","Constitutional Monarchy, Federation",Regina,Ukrainian
CAN,Canada,"North America","Constitutional Monarchy, Federation",Regina,Spanish
CAN,Canada,"North America","Constitutional Monarchy, Federation",Regina,Punjabi
CAN,Canada,"North America","Constitutional Monarchy, Federation",Regina,Portuguese
CAN,Canada,"North America","Constitutional Monarchy, Federation",Regina,Polish
CAN,Canada,"North America","Constitutional Monarchy, Federation",Regina,Italian
CAN,Canada,"North America","Constitutional Monarchy, Federation",Regina,German
CAN,Canada,"North America","Constitutional Monarchy, Federation",Regina,French
CAN,Canada,"North America","Constitutional Monarchy, Federation",Regina,"Eskimo Languages"
CAN,Canada,"North America","Constitutional Monarchy, Federation",Regina,English
CAN,Canada,"North America","Constitutional Monarchy, Federation",Regina,Dutch
CAN,Canada,"North America","Constitutional Monarchy, Federation",Regina,Chinese
CAN,Canada,"North America","Constitutional Monarchy, Federation",Richmond,Chinese
CAN,Canada,"North America","Constitutional Monarchy, Federation",Richmond,Dutch
CAN,Canada,"North America","Constitutional Monarchy, Federation",Richmond,English
CAN,Canada,"North America","Constitutional Monarchy, Federation",Richmond,"Eskimo Languages"
CAN,Canada,"North America","Constitutional Monarchy, Federation",Richmond,French
CAN,Canada,"North America","Constitutional Monarchy, Federation",Richmond,German
CAN,Canada,"North America","Constitutional Monarchy, Federation",Richmond,Italian
CAN,Canada,"North America","Constitutional Monarchy, Federation",Richmond,Ukrainian
CAN,Canada,"North America","Constitutional Monarchy, Federation",Richmond,Spanish
CAN,Canada,"North America","Constitutional Monarchy, Federation",Richmond,Punjabi
CAN,Canada,"North America","Constitutional Monarchy, Federation",Richmond,Portuguese
CAN,Canada,"North America","Constitutional Monarchy, Federation",Richmond,Polish
CAN,Canada,"North America","Constitutional Monarchy, Federation","Richmond Hill",Dutch
CAN,Canada,"North America","Constitutional Monarchy, Federation","Richmond Hill",Punjabi
CAN,Canada,"North America","Constitutional Monarchy, Federation","Richmond Hill",Spanish
CAN,Canada,"North America","Constitutional Monarchy, Federation","Richmond Hill",Ukrainian
CAN,Canada,"North America","Constitutional Monarchy, Federation","Richmond Hill",Portuguese
CAN,Canada,"North America","Constitutional Monarchy, Federation","Richmond Hill",Polish
CAN,Canada,"North America","Constitutional Monarchy, Federation","Richmond Hill",Chinese
CAN,Canada,"North America","Constitutional Monarchy, Federation","Richmond Hill",Italian
CAN,Canada,"North America","Constitutional Monarchy, Federation","Richmond Hill",German
CAN,Canada,"North America","Constitutional Monarchy, Federation","Richmond Hill",French
CAN,Canada,"North America","Constitutional Monarchy, Federation","Richmond Hill","Eskimo Languages"
CAN,Canada,"North America","Constitutional Monarchy, Federation","Richmond Hill",English
CAN,Canada,"North America","Constitutional Monarchy, Federation",Saanich,Portuguese
CAN,Canada,"North America","Constitutional Monarchy, Federation",Saanich,Polish
CAN,Canada,"North America","Constitutional Monarchy, Federation",Saanich,Italian
CAN,Canada,"North America","Constitutional Monarchy, Federation",Saanich,German
CAN,Canada,"North America","Constitutional Monarchy, Federation",Saanich,French
CAN,Canada,"North America","Constitutional Monarchy, Federation",Saanich,"Eskimo Languages"
CAN,Canada,"North America","Constitutional Monarchy, Federation",Saanich,English
CAN,Canada,"North America","Constitutional Monarchy, Federation",Saanich,Dutch
CAN,Canada,"North America","Constitutional Monarchy, Federation",Saanich,Chinese
CAN,Canada,"North America","Constitutional Monarchy, Federation",Saanich,Spanish
CAN,Canada,"North America","Constitutional Monarchy, Federation",Saanich,Ukrainian
CAN,Canada,"North America","Constitutional Monarchy, Federation",Saanich,Punjabi
CAN,Canada,"North America","Constitutional Monarchy, Federation","Saint Catharines",Chinese
CAN,Canada,"North America","Constitutional Monarchy, Federation","Saint Catharines",English
CAN,Canada,"North America","Constitutional Monarchy, Federation","Saint Catharines","Eskimo Languages"
CAN,Canada,"North America","Constitutional Monarchy, Federation","Saint Catharines",French
CAN,Canada,"North America","Constitutional Monarchy, Federation","Saint Catharines",German
CAN,Canada,"North America","Constitutional Monarchy, Federation","Saint Catharines",Dutch
CAN,Canada,"North America","Constitutional Monarchy, Federation","Saint Catharines",Italian
CAN,Canada,"North America","Constitutional Monarchy, Federation","Saint Catharines",Polish
CAN,Canada,"North America","Constitutional Monarchy, Federation","Saint Catharines",Portuguese
CAN,Canada,"North America","Constitutional Monarchy, Federation","Saint Catharines",Punjabi
CAN,Canada,"North America","Constitutional Monarchy, Federation","Saint Catharines",Spanish
CAN,Canada,"North America","Constitutional Monarchy, Federation","Saint Catharines",Ukrainian
CAN,Canada,"North America","Constitutional Monarchy, Federation","Saint John´s",Chinese
CAN,Canada,"North America","Constitutional Monarchy, Federation","Saint John´s",Dutch
CAN,Canada,"North America","Constitutional Monarchy, Federation","Saint John´s",English
CAN,Canada,"North America","Constitutional Monarchy, Federation","Saint John´s",Polish
CAN,Canada,"North America","Constitutional Monarchy, Federation","Saint John´s","Eskimo Languages"
CAN,Canada,"North America","Constitutional Monarchy, Federation","Saint John´s",French
CAN,Canada,"North America","Constitutional Monarchy, Federation","Saint John´s",German
CAN,Canada,"North America","Constitutional Monarchy, Federation","Saint John´s",Italian
CAN,Canada,"North America","Constitutional Monarchy, Federation","Saint John´s",Portuguese
CAN,Canada,"North America","Constitutional Monarchy, Federation","Saint John´s",Punjabi
CAN,Canada,"North America","Constitutional Monarchy, Federation","Saint John´s",Spanish
CAN,Canada,"North America","Constitutional Monarchy, Federation","Saint John´s",Ukrainian
COL,Colombia,"South America",Republic,"Santa Marta",Spanish
COL,Colombia,"South America",Republic,"Santa Marta","Creole English"
COL,Colombia,"South America",Republic,"Santa Marta",Chibcha
COL,Colombia,"South America",Republic,"Santa Marta",Caribbean
COL,Colombia,"South America",Republic,"Santa Marta",Arawakan
COL,Colombia,"South America",Republic,"Santafé de Bogotá",Arawakan
COL,Colombia,"South America",Republic,"Santafé de Bogotá",Chibcha
COL,Colombia,"South America",Republic,"Santafé de Bogotá","Creole English"
COL,Colombia,"South America",Republic,"Santafé de Bogotá",Spanish
COL,Colombia,"South America",Republic,"Santafé de Bogotá",Caribbean
CAN,Canada,"North America","Constitutional Monarchy, Federation",Saskatoon,English
CAN,Canada,"North America","Constitutional Monarchy, Federation",Saskatoon,Spanish
CAN,Canada,"North America","Constitutional Monarchy, Federation",Saskatoon,Ukrainian
CAN,Canada,"North America","Constitutional Monarchy, Federation",Saskatoon,Punjabi
CAN,Canada,"North America","Constitutional Monarchy, Federation",Saskatoon,Portuguese
CAN,Canada,"North America","Constitutional Monarchy, Federation",Saskatoon,Polish
CAN,Canada,"North America","Constitutional Monarchy, Federation",Saskatoon,Italian
CAN,Canada,"North America","Constitutional Monarchy, Federation",Saskatoon,German
CAN,Canada,"North America","Constitutional Monarchy, Federation",Saskatoon,French
CAN,Canada,"North America","Constitutional Monarchy, Federation",Saskatoon,"Eskimo Languages"
CAN,Canada,"North America","Constitutional Monarchy, Federation",Saskatoon,Dutch
CAN,Canada,"North America","Constitutional Monarchy, Federation",Saskatoon,Chinese
CAN,Canada,"North America","Constitutional Monarchy, Federation",Scarborough,Polish
CAN,Canada,"North America","Constitutional Monarchy, Federation",Scarborough,Dutch
CAN,Canada,"North America","Constitutional Monarchy, Federation",Scarborough,Ukrainian
CAN,Canada,"North America","Constitutional Monarchy, Federation",Scarborough,Spanish
CAN,Canada,"North America","Constitutional Monarchy, Federation",Scarborough,Punjabi
CAN,Canada,"North America","Constitutional Monarchy, Federation",Scarborough,Portuguese
CAN,Canada,"North America","Constitutional Monarchy, Federation",Scarborough,Italian
CAN,Canada,"North America","Constitutional Monarchy, Federation",Scarborough,German
CAN,Canada,"North America","Constitutional Monarchy, Federation",Scarborough,French
CAN,Canada,"North America","Constitutional Monarchy, Federation",Scarborough,Chinese
CAN,Canada,"North America","Constitutional Monarchy, Federation",Scarborough,"Eskimo Languages"
CAN,Canada,"North America","Constitutional Monarchy, Federation",Scarborough,English
COL,Colombia,"South America",Republic,Sincelejo,Spanish
COL,Colombia,"South America",Republic,Sincelejo,"Creole English"
COL,Colombia,"South America",Republic,Sincelejo,Chibcha
COL,Colombia,"South America",Republic,Sincelejo,Caribbean
COL,Colombia,"South America",Republic,Sincelejo,Arawakan
COL,Colombia,"South America",Republic,Soacha,Arawakan
COL,Colombia,"South America",Republic,Soacha,Caribbean
COL,Colombia,"South America",Republic,Soacha,Chibcha
COL,Colombia,"South America",Republic,Soacha,"Creole English"
COL,Colombia,"South America",Republic,Soacha,Spanish
COL,Colombia,"South America",Republic,Sogamoso,Caribbean
COL,Colombia,"South America",Republic,Sogamoso,Chibcha
COL,Colombia,"South America",Republic,Sogamoso,"Creole English"
COL,Colombia,"South America",Republic,Sogamoso,Spanish
COL,Colombia,"South America",Republic,Sogamoso,Arawakan
COL,Colombia,"South America",Republic,Soledad,Spanish
COL,Colombia,"South America",Republic,Soledad,Arawakan
COL,Colombia,"South America",Republic,Soledad,Caribbean
COL,Colombia,"South America",Republic,Soledad,Chibcha
COL,Colombia,"South America",Republic,Soledad,"Creole English"
CAN,Canada,"North America","Constitutional Monarchy, Federation",Sudbury,Chinese
CAN,Canada,"North America","Constitutional Monarchy, Federation",Sudbury,Ukrainian
CAN,Canada,"North America","Constitutional Monarchy, Federation",Sudbury,Spanish
CAN,Canada,"North America","Constitutional Monarchy, Federation",Sudbury,Punjabi
CAN,Canada,"North America","Constitutional Monarchy, Federation",Sudbury,Portuguese
CAN,Canada,"North America","Constitutional Monarchy, Federation",Sudbury,Polish
CAN,Canada,"North America","Constitutional Monarchy, Federation",Sudbury,Italian
CAN,Canada,"North America","Constitutional Monarchy, Federation",Sudbury,German
CAN,Canada,"North America","Constitutional Monarchy, Federation",Sudbury,French
CAN,Canada,"North America","Constitutional Monarchy, Federation",Sudbury,"Eskimo Languages"
CAN,Canada,"North America","Constitutional Monarchy, Federation",Sudbury,English
CAN,Canada,"North America","Constitutional Monarchy, Federation",Sudbury,Dutch
CAN,Canada,"North America","Constitutional Monarchy, Federation",Surrey,Polish
CAN,Canada,"North America","Constitutional Monarchy, Federation",Surrey,Italian
CAN,Canada,"North America","Constitutional Monarchy, Federation",Surrey,Portuguese
CAN,Canada,"North America","Constitutional Monarchy, Federation",Surrey,Chinese
CAN,Canada,"North America","Constitutional Monarchy, Federation",Surrey,Dutch
CAN,Canada,"North America","Constitutional Monarchy, Federation",Surrey,English
CAN,Canada,"North America","Constitutional Monarchy, Federation",Surrey,"Eskimo Languages"
CAN,Canada,"North America","Constitutional Monarchy, Federation",Surrey,Ukrainian
CAN,Canada,"North America","Constitutional Monarchy, Federation",Surrey,Punjabi
CAN,Canada,"North America","Constitutional Monarchy, Federation",Surrey,Spanish
CAN,Canada,"North America","Constitutional Monarchy, Federation",Surrey,German
CAN,Canada,"North America","Constitutional Monarchy, Federation",Surrey,French
CAN,Canada,"North America","Constitutional Monarchy, Federation","Thunder Bay",German
CAN,Canada,"North America","Constitutional Monarchy, Federation","Thunder Bay",Italian
CAN,Canada,"North America","Constitutional Monarchy, Federation","Thunder Bay",Chinese
CAN,Canada,"North America","Constitutional Monarchy, Federation","Thunder Bay",Dutch
CAN,Canada,"North America","Constitutional Monarchy, Federation","Thunder Bay",English
CAN,Canada,"North America","Constitutional Monarchy, Federation","Thunder Bay","Eskimo Languages"
CAN,Canada,"North America","Constitutional Monarchy, Federation","Thunder Bay",French
CAN,Canada,"North America","Constitutional Monarchy, Federation","Thunder Bay",Polish
CAN,Canada,"North America","Constitutional Monarchy, Federation","Thunder Bay",Portuguese
CAN,Canada,"North America","Constitutional Monarchy, Federation","Thunder Bay",Punjabi
CAN,Canada,"North America","Constitutional Monarchy, Federation","Thunder Bay",Spanish
CAN,Canada,"North America","Constitutional Monarchy, Federation","Thunder Bay",Ukrainian
CAN,Canada,"North America","Constitutional Monarchy, Federation",Toronto,Chinese
CAN,Canada,"North America","Constitutional Monarchy, Federation",Toronto,Ukrainian
CAN,Canada,"North America","Constitutional Monarchy, Federation",Toronto,Spanish
CAN,Canada,"North America","Constitutional Monarchy, Federation",Toronto,Punjabi
CAN,Canada,"North America","Constitutional Monarchy, Federation",Toronto,Portuguese
CAN,Canada,"North America","Constitutional Monarchy, Federation",Toronto,Polish
CAN,Canada,"North America","Constitutional Monarchy, Federation",Toronto,Italian
CAN,Canada,"North America","Constitutional Monarchy, Federation",Toronto,German
CAN,Canada,"North America","Constitutional Monarchy, Federation",Toronto,French
CAN,Canada,"North America","Constitutional Monarchy, Federation",Toronto,"Eskimo Languages"
CAN,Canada,"North America","Constitutional Monarchy, Federation",Toronto,English
CAN,Canada,"North America","Constitutional Monarchy, Federation",Toronto,Dutch
COL,Colombia,"South America",Republic,Tuluá,"Creole English"
COL,Colombia,"South America",Republic,Tuluá,Spanish
COL,Colombia,"South America",Republic,Tuluá,Arawakan
COL,Colombia,"South America",Republic,Tuluá,Caribbean
COL,Colombia,"South America",Republic,Tuluá,Chibcha
COL,Colombia,"South America",Republic,Tunja,Spanish
COL,Colombia,"South America",Republic,Tunja,"Creole English"
COL,Colombia,"South America",Republic,Tunja,Chibcha
COL,Colombia,"South America",Republic,Tunja,Caribbean
COL,Colombia,"South America",Republic,Tunja,Arawakan
COL,Colombia,"South America",Republic,Valledupar,Chibcha
COL,Colombia,"South America",Republic,Valledupar,Caribbean
COL,Colombia,"South America",Republic,Valledupar,Arawakan
COL,Colombia,"South America",Republic,Valledupar,"Creole English"
COL,Colombia,"South America",Republic,Valledupar,Spanish
CAN,Canada,"North America","Constitutional Monarchy, Federation",Vancouver,Punjabi
CAN,Canada,"North America","Constitutional Monarchy, Federation",Vancouver,Dutch
CAN,Canada,"North America","Constitutional Monarchy, Federation",Vancouver,Spanish
CAN,Canada,"North America","Constitutional Monarchy, Federation",Vancouver,Ukrainian
CAN,Canada,"North America","Constitutional Monarchy, Federation",Vancouver,Portuguese
CAN,Canada,"North America","Constitutional Monarchy, Federation",Vancouver,French
CAN,Canada,"North America","Constitutional Monarchy, Federation",Vancouver,"Eskimo Languages"
CAN,Canada,"North America","Constitutional Monarchy, Federation",Vancouver,English
CAN,Canada,"North America","Constitutional Monarchy, Federation",Vancouver,Polish
CAN,Canada,"North America","Constitutional Monarchy, Federation",Vancouver,Italian
CAN,Canada,"North America","Constitutional Monarchy, Federation",Vancouver,German
CAN,Canada,"North America","Constitutional Monarchy, Federation",Vancouver,Chinese
CAN,Canada,"North America","Constitutional Monarchy, Federation",Vaughan,Ukrainian
CAN,Canada,"North America","Constitutional Monarchy, Federation",Vaughan,Spanish
CAN,Canada,"North America","Constitutional Monarchy, Federation",Vaughan,Chinese
CAN,Canada,"North America","Constitutional Monarchy, Federation",Vaughan,Punjabi
CAN,Canada,"North America","Constitutional Monarchy, Federation",Vaughan,Dutch
CAN,Canada,"North America","Constitutional Monarchy, Federation",Vaughan,English
CAN,Canada,"North America","Constitutional Monarchy, Federation",Vaughan,"Eskimo Languages"
CAN,Canada,"North America","Constitutional Monarchy, Federation",Vaughan,French
CAN,Canada,"North America","Constitutional Monarchy, Federation",Vaughan,German
CAN,Canada,"North America","Constitutional Monarchy, Federation",Vaughan,Italian
CAN,Canada,"North America","Constitutional Monarchy, Federation",Vaughan,Polish
CAN,Canada,"North America","Constitutional Monarchy, Federation",Vaughan,Portuguese
COL,Colombia,"South America",Republic,Villavicencio,Spanish
COL,Colombia,"South America",Republic,Villavicencio,Arawakan
COL,Colombia,"South America",Republic,Villavicencio,Caribbean
COL,Colombia,"South America",Republic,Villavicencio,Chibcha
COL,Colombia,"South America",Republic,Villavicencio,"Creole English"
CAN,Canada,"North America","Constitutional Monarchy, Federation",Windsor,French
CAN,Canada,"North America","Constitutional Monarchy, Federation",Windsor,Ukrainian
CAN,Canada,"North America","Constitutional Monarchy, Federation",Windsor,"Eskimo Languages"
CAN,Canada,"North America","Constitutional Monarchy, Federation",Windsor,English
CAN,Canada,"North America","Constitutional Monarchy, Federation",Windsor,Dutch
CAN,Canada,"North America","Constitutional Monarchy, Federation",Windsor,Chinese
CAN,Canada,"North America","Constitutional Monarchy, Federation",Windsor,Italian
CAN,Canada,"North America","Constitutional Monarchy, Federation",Windsor,German
CAN,Canada,"North America","Constitutional Monarchy, Federation",Windsor,Spanish
CAN,Canada,"North America","Constitutional Monarchy, Federation",Windsor,Punjabi
CAN,Canada,"North America","Constitutional Monarchy, Federation",Windsor,Portuguese
CAN,Canada,"North America","Constitutional Monarchy, Federation",Windsor,Polish
CAN,Canada,"North America","Constitutional Monarchy, Federation",Winnipeg,Dutch
CAN,Canada,"North America","Constitutional Monarchy, Federation",Winnipeg,Portuguese
CAN,Canada,"North America","Constitutional Monarchy, Federation",Winnipeg,Punjabi
CAN,Canada,"North America","Constitutional Monarchy, Federation",Winnipeg,Spanish
CAN,Canada,"North America","Constitutional Monarchy, Federation",Winnipeg,Ukrainian
CAN,Canada,"North America","Constitutional Monarchy, Federation",Winnipeg,Polish
CAN,Canada,"North America","Constitutional Monarchy, Federation",Winnipeg,Italian
CAN,Canada,"North America","Constitutional Monarchy, Federation",Winnipeg,German
CAN,Canada,"North America","Constitutional Monarchy, Federation",Winnipeg,French
CAN,Canada,"North America","Constitutional Monarchy, Federation",Winnipeg,"Eskimo Languages"
CAN,Canada,"North America","Constitutional Monarchy, Federation",Winnipeg,English
CAN,Canada,"North America","Constitutional Monarchy, Federation",Winnipeg,Chinese
CAN,Canada,"North America","Constitutional Monarchy, Federation",York,Polish
CAN,Canada,"North America","Constitutional Monarchy, Federation",York,Punjabi
CAN,Canada,"North America","Constitutional Monarchy, Federation",York,Spanish
CAN,Canada,"North America","Constitutional Monarchy, Federation",York,Ukrainian
CAN,Canada,"North America","Constitutional Monarchy, Federation",York,Portuguese
CAN,Canada,"North America","Constitutional Monarchy, Federation",York,Chinese
CAN,Canada,"North America","Constitutional Monarchy, Federation",York,Dutch
CAN,Canada,"North America","Constitutional Monarchy, Federation",York,Italian
CAN,Canada,"North America","Constitutional Monarchy, Federation",York,German
CAN,Canada,"North America","Constitutional Monarchy, Federation",York,French
CAN,Canada,"North America","Constitutional Monarchy, Federation",York,"Eskimo Languages"
CAN,Canada,"North America","Constitutional Monarchy, Federation",York,English
